init_id,list_of_passengers,route,num_in_party,BookingAgency,BookingDay,Unnamed: 0,IATA_O,IATA_D,HH_ISO_D,region_D,HH_ISO_O,region_O,LegHH_ISO,LegRegion,Origin,Destination,fixRoute,Leg_fixRoute,stay_day,airport_itinerary_out,full_routes,outboundDate,returnDate,outboundFlights,airport_itinerary_ret,return_routes,returnFlights
CDG-BCN-business-ID0,['JEY_4_1'],CDG-BCN,1,BookingAgency1,15,1089.0,CDG,BCN,ESP,Europe,FRA,Europe,FRA-ESP,Europe-Europe,CDG,BCN,CDG->BCN,1,9.0,"['CDG', 'BCN']",['CDG-BCN'],2019-03-17 00:00:00+00:00,2019-03-26 00:00:00+00:00,[600368],"['BCN', 'CDG']",['BCN-CDG'],[700399]
CDG-DUB-group-ID0,['DJI_1_1'],CDG-DUB,1,BookingAgency1,15,1091.0,CDG,DUB,IRL,Europe,FRA,Europe,FRA-IRL,Europe-Europe,CDG,DUB,CDG->DUB,1,8.0,"['CDG', 'DUB']",['CDG-DUB'],2019-04-02 00:00:00+00:00,2019-04-10 00:00:00+00:00,[776004],"['DUB', 'CDG']",['DUB-CDG'],[876573]
CDG-LHR-group-ID0,['IMN_1_1'],CDG-LHR,1,BookingAgency1,29,1063.0,CDG,LHR,GBR,Europe,FRA,Europe,FRA-GBR,Europe-Europe,CDG,LHR,CDG->LHR,1,,"['CDG', 'LHR']",['CDG-LHR'],2019-03-14 00:00:00+00:00,,[571541],"['LHR', 'CDG']",['LHR-CDG'],[None]
CDG-PHL-business-ID0,['MLT_0_1'],CDG-PHL,1,BookingAgency1,22,1123.0,CDG,PHL,USA,Americas,FRA,Europe,FRA-USA,Europe-Americas,CDG,PHL,CDG->PHL,1,5.0,"['CDG', 'PHL']",['CDG-PHL'],2019-05-07 00:00:00+00:00,2019-05-12 00:00:00+00:00,[80762],"['PHL', 'CDG']",['PHL-CDG'],[145456]
CDG-ZRH-business-ID0,['ETH_2_1'],CDG-ZRH,1,BookingAgency2,29,1053.0,CDG,ZRH,CHE,Europe,FRA,Europe,FRA-CHE,Europe-Europe,CDG,ZRH,CDG->ZRH,1,2.0,"['CDG', 'ZRH']",['CDG-ZRH'],2019-05-05 00:00:00+00:00,2019-05-07 00:00:00+00:00,[57215],"['ZRH', 'CDG']",['ZRH-CDG'],[82719]
DXB-LHR-business-ID0,['ETH_3_1'],DXB-LHR,1,BookingAgency3,10,5726.0,DXB,LHR,GBR,Europe,ARE,Asia,ARE-GBR,Asia-Europe,DXB,LHR,DXB->LHR,1,3.0,"['DXB', 'LHR']",['DXB-LHR'],2019-05-21 00:00:00+00:00,2019-05-24 00:00:00+00:00,[263232],"['LHR', 'DXB']",['LHR-DXB'],[305557]
DXB-LIS-business-ID0,['KEN_1_1'],DXB-LIS,1,BookingAgency3,27,5730.0,DXB,LIS,PRT,Europe,ARE,Asia,ARE-PRT,Asia-Europe,DXB,LIS,DXB->LIS,1,2.0,"['DXB', 'LIS']",['DXB-LIS'],2019-04-01 00:00:00+00:00,2019-04-03 00:00:00+00:00,[764766],"['LIS', 'DXB']",['LIS-DXB'],[789446]
DXB-LTN-business-ID0,['TZA_0_1'],DXB-LTN,1,BookingAgency1,16,5742.0,DXB,LTN,GBR,Europe,ARE,Asia,ARE-GBR,Asia-Europe,DXB,LTN,DXB->CDG->LTN,2,,"['DXB', 'CDG', 'LTN']","['DXB-CDG', 'CDG-LTN']",2019-05-08 00:00:00+00:00,,"[89504, None]","['LTN', 'CDG', 'DXB']","['LTN-CDG', 'CDG-DXB']","[None, None]"
DXB-MAD-group-ID0,['BWA_4_1'],DXB-MAD,1,BookingAgency1,19,5728.0,DXB,MAD,ESP,Europe,ARE,Asia,ARE-ESP,Asia-Europe,DXB,MAD,DXB->MAD,1,,"['DXB', 'MAD']",['DXB-MAD'],2019-04-29 00:00:00+00:00,,[1113811],"['MAD', 'DXB']",['MAD-DXB'],[None]
DXB-WAW-business-ID0,['KEN_0_1'],DXB-WAW,1,BookingAgency3,30,5753.0,DXB,WAW,POL,Europe,ARE,Asia,ARE-POL,Asia-Europe,DXB,WAW,DXB->WAW,1,3.0,"['DXB', 'WAW']",['DXB-WAW'],2019-03-17 00:00:00+00:00,2019-03-20 00:00:00+00:00,[594523],"['WAW', 'DXB']",['WAW-DXB'],[626789]
LHR-CPH-business-ID0,['DJI_3_1'],LHR-CPH,1,BookingAgency3,26,1273.0,LHR,CPH,DNK,Europe,GBR,Europe,GBR-DNK,Europe-Europe,LHR,CPH,LHR->CPH,1,1.0,"['LHR', 'CPH']",['LHR-CPH'],2019-03-22 00:00:00+00:00,2019-03-23 00:00:00+00:00,[654375],"['CPH', 'LHR']",['CPH-LHR'],[661596]
LHR-DUS-business-ID0,['MLI_4_1'],LHR-DUS,1,BookingAgency3,30,1280.0,LHR,DUS,DEU,Europe,GBR,Europe,GBR-DEU,Europe-Europe,LHR,DUS,LHR->DUS,1,12.0,"['LHR', 'DUS']",['LHR-DUS'],2019-04-13 00:00:00+00:00,2019-04-25 00:00:00+00:00,[920293],"['DUS', 'LHR']",['DUS-LHR'],[1068186]
LHR-FRA-group-ID0,['BWA_0_1'],LHR-FRA,1,BookingAgency1,22,1221.0,LHR,FRA,DEU,Europe,GBR,Europe,GBR-DEU,Europe-Europe,LHR,FRA,LHR->FRA,1,11.0,"['LHR', 'FRA']",['LHR-FRA'],2019-03-16 00:00:00+00:00,2019-03-27 00:00:00+00:00,[590251],"['FRA', 'LHR']",['FRA-LHR'],[708574]
LHR-GVA-business-ID0,['ALB_2_1'],LHR-GVA,1,Airlines,9,1268.0,LHR,GVA,CHE,Europe,GBR,Europe,GBR-CHE,Europe-Europe,LHR,GVA,LHR->GVA,1,3.0,"['LHR', 'GVA']",['LHR-GVA'],2019-03-25 00:00:00+00:00,2019-03-28 00:00:00+00:00,[682744],"['GVA', 'LHR']",['GVA-LHR'],[721740]
LHR-LIS-business-ID0,['BWA_2_1'],LHR-LIS,1,BookingAgency1,28,1246.0,LHR,LIS,PRT,Europe,GBR,Europe,GBR-PRT,Europe-Europe,LHR,LIS,LHR->LIS,1,,"['LHR', 'LIS']",['LHR-LIS'],2019-05-05 00:00:00+00:00,,[58413],"['LIS', 'LHR']",['LIS-LHR'],[None]
LHR-MUC-business-ID0,['JEY_1_1'],LHR-MUC,1,BookingAgency1,18,1254.0,LHR,MUC,DEU,Europe,GBR,Europe,GBR-DEU,Europe-Europe,LHR,MUC,LHR->MUC,1,1.0,"['LHR', 'MUC']",['LHR-MUC'],2019-04-20 00:00:00+00:00,2019-04-21 00:00:00+00:00,[1006457],"['MUC', 'LHR']",['MUC-LHR'],[1012987]
LHR-SAW-group-ID0,['GBR_4_1'],LHR-SAW,1,Airlines,17,1269.0,LHR,SAW,TUR,Asia,GBR,Europe,GBR-TUR,Europe-Asia,LHR,SAW,LHR->MUC->SAW,2,18.0,"['LHR', 'MUC', 'SAW']","['LHR-MUC', 'MUC-SAW']",2019-04-06 00:00:00+00:00,2019-04-24 00:00:00+00:00,"[834504, None]","['SAW', 'MUC', 'LHR']","['SAW-MUC', 'MUC-LHR']","[1049329, 1051915]"
LHR-TXL-group-ID0,['GGY_3_1'],LHR-TXL,1,Airlines,22,1282.0,LHR,TXL,DEU,Europe,GBR,Europe,GBR-DEU,Europe-Europe,LHR,TXL,LHR->TXL,1,2.0,"['LHR', 'TXL']",['LHR-TXL'],2019-04-20 00:00:00+00:00,2019-04-22 00:00:00+00:00,[1003607],"['TXL', 'LHR']",['TXL-LHR'],[1032646]
LHR-ZRH-business-ID0,['FRA_2_1'],LHR-ZRH,1,BookingAgency2,22,1220.0,LHR,ZRH,CHE,Europe,GBR,Europe,GBR-CHE,Europe-Europe,LHR,ZRH,LHR->ZRH,1,12.0,"['LHR', 'ZRH']",['LHR-ZRH'],2019-03-22 00:00:00+00:00,2019-04-03 00:00:00+00:00,[649486],"['ZRH', 'LHR']",['ZRH-LHR'],[795709]
DXB-HAM-leisure-ID0,"['ALB_1_1', 'ALB_1_2']",DXB-HAM,2,BookingAgency1,20,5773.0,DXB,HAM,DEU,Europe,ARE,Asia,ARE-DEU,Asia-Europe,DXB,HAM,DXB->HAM,1,11.0,"['DXB', 'HAM']",['DXB-HAM'],2019-05-11 00:00:00+00:00,2019-05-22 00:00:00+00:00,[130596],"['HAM', 'DXB']",['HAM-DXB'],[277887]
LHR-BCN-leisure-ID0,['AUT_0_1'],LHR-BCN,1,BookingAgency3,23,1256.0,LHR,BCN,ESP,Europe,GBR,Europe,GBR-ESP,Europe-Europe,LHR,BCN,LHR->BCN,1,12.0,"['LHR', 'BCN']",['LHR-BCN'],2019-03-08 00:00:00+00:00,2019-03-20 00:00:00+00:00,[505190],"['BCN', 'LHR']",['BCN-LHR'],[634854]
CDG-MAD-leisure-ID0,"['BWA_1_1', 'BWA_1_2']",CDG-MAD,2,BookingAgency2,26,1074.0,CDG,MAD,ESP,Europe,FRA,Europe,FRA-ESP,Europe-Europe,CDG,MAD,CDG->MAD,1,0.0,"['CDG', 'MAD']",['CDG-MAD'],2019-03-13 00:00:00+00:00,2019-03-13 00:00:00+00:00,[556790],"['MAD', 'CDG']",['MAD-CDG'],[551937]
LHR-AMS-leisure-ID0,"['BWA_5_1', 'BWA_5_2']",LHR-AMS,2,BookingAgency3,27,1235.0,LHR,AMS,NLD,Europe,GBR,Europe,GBR-NLD,Europe-Europe,LHR,AMS,LHR->AMS,1,12.0,"['LHR', 'AMS']",['LHR-AMS'],2019-03-02 00:00:00+00:00,2019-03-14 00:00:00+00:00,[422687],"['AMS', 'LHR']",['AMS-LHR'],[567758]
CDG-MAD-leisure-ID1,"['CMR_0_1', 'CMR_0_2', 'CMR_0_3']",CDG-MAD,3,BookingAgency3,23,1074.0,CDG,MAD,ESP,Europe,FRA,Europe,FRA-ESP,Europe-Europe,CDG,MAD,CDG->MAD,1,12.0,"['CDG', 'MAD']",['CDG-MAD'],2019-03-26 00:00:00+00:00,2019-04-07 00:00:00+00:00,[699347],"['MAD', 'CDG']",['MAD-CDG'],[842206]
CDG-SVO-leisure-ID0,['CMR_2_1'],CDG-SVO,1,BookingAgency1,18,1080.0,CDG,SVO,RUS,Europe,FRA,Europe,FRA-RUS,Europe-Europe,CDG,SVO,CDG->SVO,1,22.0,"['CDG', 'SVO']",['CDG-SVO'],2019-05-11 00:00:00+00:00,2019-06-02 00:00:00+00:00,[133897],"['SVO', 'CDG']",['SVO-CDG'],[None]
LHR-VIE-leisure-ID0,"['CMR_3_1', 'CMR_3_2']",LHR-VIE,2,BookingAgency3,30,1230.0,LHR,VIE,AUT,Europe,GBR,Europe,GBR-AUT,Europe-Europe,LHR,VIE,LHR->VIE,1,5.0,"['LHR', 'VIE']",['LHR-VIE'],2019-03-31 00:00:00+00:00,2019-04-05 00:00:00+00:00,[757691],"['VIE', 'LHR']",['VIE-LHR'],[822659]
DXB-BCN-leisure-ID0,"['CMR_5_1', 'CMR_5_2']",DXB-BCN,2,BookingAgency2,20,5733.0,DXB,BCN,ESP,Europe,ARE,Asia,ARE-ESP,Asia-Europe,DXB,BCN,DXB->BCN,1,4.0,"['DXB', 'BCN']",['DXB-BCN'],2019-05-07 00:00:00+00:00,2019-05-11 00:00:00+00:00,[78171],"['BCN', 'DXB']",['BCN-DXB'],[135139]
CDG-JFK-leisure-ID0,"['DEU_1_1', 'DEU_1_2', 'DEU_1_3']",CDG-JFK,3,BookingAgency1,27,1067.0,CDG,JFK,USA,Americas,FRA,Europe,FRA-USA,Europe-Americas,CDG,JFK,CDG->JFK,1,12.0,"['CDG', 'JFK']",['CDG-JFK'],2019-04-12 00:00:00+00:00,2019-04-24 00:00:00+00:00,[902383],"['JFK', 'CDG']",['JFK-CDG'],[1048968]
CDG-BUD-leisure-ID0,"['DEU_2_1', 'DEU_2_2']",CDG-BUD,2,BookingAgency1,21,1110.0,CDG,BUD,HUN,Europe,FRA,Europe,FRA-HUN,Europe-Europe,CDG,BUD,CDG->BUD,1,12.0,"['CDG', 'BUD']",['CDG-BUD'],2019-05-29 00:00:00+00:00,2019-06-10 00:00:00+00:00,[378041],"['BUD', 'CDG']",['BUD-CDG'],[None]
DXB-FCO-leisure-ID0,"['DEU_4_1', 'DEU_4_2']",DXB-FCO,2,BookingAgency2,11,5729.0,DXB,FCO,ITA,Europe,ARE,Asia,ARE-ITA,Asia-Europe,DXB,FCO,DXB->FCO,1,10.0,"['DXB', 'FCO']",['DXB-FCO'],2019-05-19 00:00:00+00:00,2019-05-29 00:00:00+00:00,[238524],"['FCO', 'DXB']",['FCO-DXB'],[367634]
LHR-KEF-leisure-ID0,"['DEU_5_1', 'DEU_5_2']",LHR-KEF,2,BookingAgency1,22,1266.0,LHR,KEF,ISL,Europe,GBR,Europe,GBR-ISL,Europe-Europe,LHR,KEF,LHR->KEF,1,1.0,"['LHR', 'KEF']",['LHR-KEF'],2019-03-09 00:00:00+00:00,2019-03-10 00:00:00+00:00,[517513],"['KEF', 'LHR']",['KEF-LHR'],[524723]
DXB-OTP-leisure-ID0,"['DEU_6_1', 'DEU_6_2', 'DEU_6_3']",DXB-OTP,3,BookingAgency3,9,5735.0,DXB,OTP,ROU,Europe,ARE,Asia,ARE-ROU,Asia-Europe,DXB,OTP,DXB->OTP,1,4.0,"['DXB', 'OTP']",['DXB-OTP'],2019-03-04 00:00:00+00:00,2019-03-08 00:00:00+00:00,[451562],"['OTP', 'DXB']",['OTP-DXB'],[502157]
CDG-VIE-leisure-ID0,"['DJI_5_1', 'DJI_5_2', 'DJI_5_3', 'DJI_5_4', 'DJI_5_5']",CDG-VIE,5,BookingAgency1,16,1062.0,CDG,VIE,AUT,Europe,FRA,Europe,FRA-AUT,Europe-Europe,CDG,VIE,CDG->VIE,1,10.0,"['CDG', 'VIE']",['CDG-VIE'],2019-05-15 00:00:00+00:00,2019-05-25 00:00:00+00:00,[191517],"['VIE', 'CDG']",['VIE-CDG'],[323380]
CDG-ORD-leisure-ID0,"['DNK_0_1', 'DNK_0_2']",CDG-ORD,2,BookingAgency1,18,1064.0,CDG,ORD,USA,Americas,FRA,Europe,FRA-USA,Europe-Americas,CDG,ORD,CDG->ORD,1,12.0,"['CDG', 'ORD']",['CDG-ORD'],2019-03-11 00:00:00+00:00,2019-03-23 00:00:00+00:00,[534333],"['ORD', 'CDG']",['ORD-CDG'],[663801]
LHR-FRA-leisure-ID0,['EGY_1_1'],LHR-FRA,1,BookingAgency3,5,1221.0,LHR,FRA,DEU,Europe,GBR,Europe,GBR-DEU,Europe-Europe,LHR,FRA,LHR->FRA,1,28.0,"['LHR', 'FRA']",['LHR-FRA'],2019-05-21 00:00:00+00:00,2019-06-18 00:00:00+00:00,[269887],"['FRA', 'LHR']",['FRA-LHR'],[None]
DXB-FRA-leisure-ID0,"['EGY_2_1', 'EGY_2_2']",DXB-FRA,2,BookingAgency3,27,5723.0,DXB,FRA,DEU,Europe,ARE,Asia,ARE-DEU,Asia-Europe,DXB,FRA,DXB->FRA,1,12.0,"['DXB', 'FRA']",['DXB-FRA'],2019-03-11 00:00:00+00:00,2019-03-23 00:00:00+00:00,[530199],"['FRA', 'DXB']",['FRA-DXB'],[664035]
DXB-MUC-leisure-ID0,['EGY_3_1'],DXB-MUC,1,BookingAgency1,23,5732.0,DXB,MUC,DEU,Europe,ARE,Asia,ARE-DEU,Asia-Europe,DXB,MUC,DXB->MUC,1,22.0,"['DXB', 'MUC']",['DXB-MUC'],2019-04-15 00:00:00+00:00,2019-05-07 00:00:00+00:00,[936400],"['MUC', 'DXB']",['MUC-DXB'],[83377]
CDG-LHR-leisure-ID0,"['EGY_4_1', 'EGY_4_2', 'EGY_4_3', 'EGY_4_4', 'EGY_4_5']",CDG-LHR,5,BookingAgency3,8,1063.0,CDG,LHR,GBR,Europe,FRA,Europe,FRA-GBR,Europe-Europe,CDG,LHR,CDG->LHR,1,4.0,"['CDG', 'LHR']",['CDG-LHR'],2019-05-29 00:00:00+00:00,2019-06-02 00:00:00+00:00,[372868],"['LHR', 'CDG']",['LHR-CDG'],[None]
LHR-BCN-leisure-ID1,['EGY_5_1'],LHR-BCN,1,BookingAgency1,26,1256.0,LHR,BCN,ESP,Europe,GBR,Europe,GBR-ESP,Europe-Europe,LHR,BCN,LHR->BCN,1,11.0,"['LHR', 'BCN']",['LHR-BCN'],2019-04-07 00:00:00+00:00,2019-04-18 00:00:00+00:00,[846258],"['BCN', 'LHR']",['BCN-LHR'],[977263]
DXB-DUB-leisure-ID0,"['ESP_1_1', 'ESP_1_2']",DXB-DUB,2,BookingAgency3,25,5734.0,DXB,DUB,IRL,Europe,ARE,Asia,ARE-IRL,Asia-Europe,DXB,DUB,DXB->DUB,1,12.0,"['DXB', 'DUB']",['DXB-DUB'],2019-03-30 00:00:00+00:00,2019-04-11 00:00:00+00:00,[742040],"['DUB', 'DXB']",['DUB-DXB'],[886347]
DXB-VIE-leisure-ID0,"['ETH_5_1', 'ETH_5_2']",DXB-VIE,2,BookingAgency1,18,5725.0,DXB,VIE,AUT,Europe,ARE,Asia,ARE-AUT,Asia-Europe,DXB,VIE,DXB->VIE,1,5.0,"['DXB', 'VIE']",['DXB-VIE'],2019-05-26 00:00:00+00:00,2019-05-31 00:00:00+00:00,[331524],"['VIE', 'DXB']",['VIE-DXB'],[394221]
DXB-AMS-leisure-ID0,"['FRA_0_1', 'FRA_0_2', 'FRA_0_3']",DXB-AMS,3,Airlines,16,5727.0,DXB,AMS,NLD,Europe,ARE,Asia,ARE-NLD,Asia-Europe,DXB,AMS,DXB->AMS,1,11.0,"['DXB', 'AMS']",['DXB-AMS'],2019-05-23 00:00:00+00:00,2019-06-03 00:00:00+00:00,[290876],"['AMS', 'DXB']",['AMS-DXB'],[None]
CDG-FRA-leisure-ID0,"['FRA_1_1', 'FRA_1_2']",CDG-FRA,2,BookingAgency1,26,1054.0,CDG,FRA,DEU,Europe,FRA,Europe,FRA-DEU,Europe-Europe,CDG,FRA,CDG->FRA,1,12.0,"['CDG', 'FRA']",['CDG-FRA'],2019-04-05 00:00:00+00:00,2019-04-17 00:00:00+00:00,[813684],"['FRA', 'CDG']",['FRA-CDG'],[967190]
DXB-LHR-leisure-ID0,"['FRA_3_1', 'FRA_3_2', 'FRA_3_3']",DXB-LHR,3,BookingAgency1,23,5726.0,DXB,LHR,GBR,Europe,ARE,Asia,ARE-GBR,Asia-Europe,DXB,LHR,DXB->LHR,1,19.0,"['DXB', 'LHR']",['DXB-LHR'],2019-03-23 00:00:00+00:00,2019-04-11 00:00:00+00:00,[659176],"['LHR', 'DXB']",['LHR-DXB'],[891585]
LHR-FCO-leisure-ID0,"['FRA_4_1', 'FRA_4_2']",LHR-FCO,2,BookingAgency3,17,1243.0,LHR,FCO,ITA,Europe,GBR,Europe,GBR-ITA,Europe-Europe,LHR,FCO,LHR->FCO,1,21.0,"['LHR', 'FCO']",['LHR-FCO'],2019-03-15 00:00:00+00:00,2019-04-05 00:00:00+00:00,[578257],"['FCO', 'LHR']",['FCO-LHR'],[813727]
CDG-AMS-leisure-ID0,"['FRA_5_1', 'FRA_5_2']",CDG-AMS,2,BookingAgency2,6,1068.0,CDG,AMS,NLD,Europe,FRA,Europe,FRA-NLD,Europe-Europe,CDG,AMS,CDG->AMS,1,8.0,"['CDG', 'AMS']",['CDG-AMS'],2019-03-15 00:00:00+00:00,2019-03-23 00:00:00+00:00,[577887],"['AMS', 'CDG']",['AMS-CDG'],[662736]
CDG-AGP-leisure-ID0,"['GBR_3_1', 'GBR_3_2', 'GBR_3_3', 'GBR_3_4']",CDG-AGP,4,BookingAgency3,16,1130.0,CDG,AGP,ESP,Europe,FRA,Europe,FRA-ESP,Europe-Europe,CDG,AGP,CDG->AGP,1,3.0,"['CDG', 'AGP']",['CDG-AGP'],2019-05-08 00:00:00+00:00,2019-05-11 00:00:00+00:00,[None],"['AGP', 'CDG']",['AGP-CDG'],[None]
CDG-LHR-leisure-ID1,"['GGY_0_1', 'GGY_0_2']",CDG-LHR,2,BookingAgency1,10,1063.0,CDG,LHR,GBR,Europe,FRA,Europe,FRA-GBR,Europe-Europe,CDG,LHR,CDG->LHR,1,9.0,"['CDG', 'LHR']",['CDG-LHR'],2019-04-29 00:00:00+00:00,2019-05-08 00:00:00+00:00,[1113125],"['LHR', 'CDG']",['LHR-CDG'],[99704]
CDG-HEL-leisure-ID0,"['GGY_4_1', 'GGY_4_2', 'GGY_4_3']",CDG-HEL,3,Airlines,30,1102.0,CDG,HEL,FIN,Europe,FRA,Europe,FRA-FIN,Europe-Europe,CDG,HEL,CDG->HEL,1,,"['CDG', 'HEL']",['CDG-HEL'],2019-03-22 00:00:00+00:00,,[651973],"['HEL', 'CDG']",['HEL-CDG'],[None]
DXB-CDG-leisure-ID0,"['GIB_1_1', 'GIB_1_2']",DXB-CDG,2,BookingAgency2,25,5724.0,DXB,CDG,FRA,Europe,ARE,Asia,ARE-FRA,Asia-Europe,DXB,CDG,DXB->CDG,1,6.0,"['DXB', 'CDG']",['DXB-CDG'],2019-04-01 00:00:00+00:00,2019-04-07 00:00:00+00:00,[765190],"['CDG', 'DXB']",['CDG-DXB'],[838935]
DXB-LHR-leisure-ID1,"['GIB_2_1', 'GIB_2_2', 'GIB_2_3']",DXB-LHR,3,BookingAgency2,19,5726.0,DXB,LHR,GBR,Europe,ARE,Asia,ARE-GBR,Asia-Europe,DXB,LHR,DXB->LHR,1,,"['DXB', 'LHR']",['DXB-LHR'],2019-03-11 00:00:00+00:00,,[531107],"['LHR', 'DXB']",['LHR-DXB'],[None]
DXB-CPH-leisure-ID0,['GIB_3_1'],DXB-CPH,1,BookingAgency3,24,5754.0,DXB,CPH,DNK,Europe,ARE,Asia,ARE-DNK,Asia-Europe,DXB,CPH,DXB->CPH,1,12.0,"['DXB', 'CPH']",['DXB-CPH'],2019-04-09 00:00:00+00:00,2019-04-21 00:00:00+00:00,[862016],"['CPH', 'DXB']",['CPH-DXB'],[1010684]
DXB-ZRH-leisure-ID0,"['GIB_5_1', 'GIB_5_2', 'GIB_5_3']",DXB-ZRH,3,BookingAgency3,21,5722.0,DXB,ZRH,CHE,Europe,ARE,Asia,ARE-CHE,Asia-Europe,DXB,ZRH,DXB->ZRH,1,12.0,"['DXB', 'ZRH']",['DXB-ZRH'],2019-04-23 00:00:00+00:00,2019-05-05 00:00:00+00:00,[1040562],"['ZRH', 'DXB']",['ZRH-DXB'],[56384]
DXB-LHR-leisure-ID2,"['HRV_0_1', 'HRV_0_2', 'HRV_0_3']",DXB-LHR,3,BookingAgency3,13,5726.0,DXB,LHR,GBR,Europe,ARE,Asia,ARE-GBR,Asia-Europe,DXB,LHR,DXB->LHR,1,13.0,"['DXB', 'LHR']",['DXB-LHR'],2019-04-24 00:00:00+00:00,2019-05-07 00:00:00+00:00,[1052591],"['LHR', 'DXB']",['LHR-DXB'],[83009]
CDG-MAD-leisure-ID2,['IMN_0_1'],CDG-MAD,1,BookingAgency2,19,1074.0,CDG,MAD,ESP,Europe,FRA,Europe,FRA-ESP,Europe-Europe,CDG,MAD,CDG->MAD,1,10.0,"['CDG', 'MAD']",['CDG-MAD'],2019-03-19 00:00:00+00:00,2019-03-29 00:00:00+00:00,[624898],"['MAD', 'CDG']",['MAD-CDG'],[726636]
CDG-IAD-leisure-ID0,"['IMN_3_1', 'IMN_3_2']",CDG-IAD,2,BookingAgency1,23,1149.0,CDG,IAD,USA,Americas,FRA,Europe,FRA-USA,Europe-Americas,CDG,IAD,CDG->IAD,1,7.0,"['CDG', 'IAD']",['CDG-IAD'],2019-05-02 00:00:00+00:00,2019-05-09 00:00:00+00:00,[18899],"['IAD', 'CDG']",['IAD-CDG'],[107667]
LHR-LAS-leisure-ID0,"['IMN_4_1', 'IMN_4_2', 'IMN_4_3']",LHR-LAS,3,Airlines,15,1237.0,LHR,LAS,USA,Americas,GBR,Europe,GBR-USA,Europe-Americas,LHR,LAS,LHR->LAS,1,28.0,"['LHR', 'LAS']",['LHR-LAS'],2019-03-05 00:00:00+00:00,2019-04-02 00:00:00+00:00,[452311],"['LAS', 'LHR']",['LAS-LHR'],[769240]
DXB-LHR-leisure-ID3,['ISL_0_1'],DXB-LHR,1,BookingAgency1,26,5726.0,DXB,LHR,GBR,Europe,ARE,Asia,ARE-GBR,Asia-Europe,DXB,LHR,DXB->LHR,1,19.0,"['DXB', 'LHR']",['DXB-LHR'],2019-03-13 00:00:00+00:00,2019-04-01 00:00:00+00:00,[552456],"['LHR', 'DXB']",['LHR-DXB'],[761749]
DXB-ARN-leisure-ID0,"['JEY_0_1', 'JEY_0_2']",DXB-ARN,2,BookingAgency1,17,5737.0,DXB,ARN,SWE,Europe,ARE,Asia,ARE-SWE,Asia-Europe,DXB,ARN,DXB->ARN,1,3.0,"['DXB', 'ARN']",['DXB-ARN'],2019-04-04 00:00:00+00:00,2019-04-07 00:00:00+00:00,[799397],"['ARN', 'DXB']",['ARN-DXB'],[836918]
CDG-EZE-leisure-ID0,"['JEY_3_1', 'JEY_3_2']",CDG-EZE,2,BookingAgency2,22,1057.0,CDG,EZE,ARG,Americas,FRA,Europe,FRA-ARG,Europe-Americas,CDG,EZE,CDG->EZE,1,,"['CDG', 'EZE']",['CDG-EZE'],2019-05-10 00:00:00+00:00,,[114626],"['EZE', 'CDG']",['EZE-CDG'],[None]
DXB-CDG-leisure-ID1,"['KEN_4_1', 'KEN_4_2']",DXB-CDG,2,Airlines,29,5724.0,DXB,CDG,FRA,Europe,ARE,Asia,ARE-FRA,Asia-Europe,DXB,CDG,DXB->CDG,1,23.0,"['DXB', 'CDG']",['DXB-CDG'],2019-05-12 00:00:00+00:00,2019-06-04 00:00:00+00:00,[142376],"['CDG', 'DXB']",['CDG-DXB'],[None]
DXB-BCN-leisure-ID1,"['LUX_0_1', 'LUX_0_2']",DXB-BCN,2,BookingAgency1,23,5733.0,DXB,BCN,ESP,Europe,ARE,Asia,ARE-ESP,Asia-Europe,DXB,BCN,DXB->BCN,1,1.0,"['DXB', 'BCN']",['DXB-BCN'],2019-05-23 00:00:00+00:00,2019-05-24 00:00:00+00:00,[291497],"['BCN', 'DXB']",['BCN-DXB'],[299953]
DXB-VIE-leisure-ID1,['MAR_1_1'],DXB-VIE,1,BookingAgency1,16,5725.0,DXB,VIE,AUT,Europe,ARE,Asia,ARE-AUT,Asia-Europe,DXB,VIE,DXB->VIE,1,4.0,"['DXB', 'VIE']",['DXB-VIE'],2019-05-19 00:00:00+00:00,2019-05-23 00:00:00+00:00,[240423],"['VIE', 'DXB']",['VIE-DXB'],[292580]
DXB-LHR-leisure-ID4,"['MAR_5_1', 'MAR_5_2']",DXB-LHR,2,BookingAgency3,17,5726.0,DXB,LHR,GBR,Europe,ARE,Asia,ARE-GBR,Asia-Europe,DXB,LHR,DXB->LHR,1,20.0,"['DXB', 'LHR']",['DXB-LHR'],2019-03-06 00:00:00+00:00,2019-03-26 00:00:00+00:00,[474458],"['LHR', 'DXB']",['LHR-DXB'],[695702]
LHR-LYS-leisure-ID0,"['MLI_3_1', 'MLI_3_2', 'MLI_3_3', 'MLI_3_4']",LHR-LYS,4,Airlines,10,1313.0,LHR,LYS,FRA,Europe,GBR,Europe,GBR-FRA,Europe-Europe,LHR,LYS,LHR->LYS,1,10.0,"['LHR', 'LYS']",['LHR-LYS'],2019-05-05 00:00:00+00:00,2019-05-15 00:00:00+00:00,[57491],"['LYS', 'LHR']",['LYS-LHR'],[191244]
LHR-BOD-leisure-ID0,['MLI_5_1'],LHR-BOD,1,BookingAgency1,28,1308.0,LHR,BOD,FRA,Europe,GBR,Europe,GBR-FRA,Europe-Europe,LHR,BOD,LHR->FRA->BOD,2,,"['LHR', 'FRA', 'BOD']","['LHR-FRA', 'FRA-BOD']",2019-04-28 00:00:00+00:00,,"[1106505, None]","['BOD', 'FRA', 'LHR']","['BOD-FRA', 'FRA-LHR']","[None, None]"
DXB-GVA-leisure-ID0,['NAM_1_1'],DXB-GVA,1,BookingAgency3,25,5748.0,DXB,GVA,CHE,Europe,ARE,Asia,ARE-CHE,Asia-Europe,DXB,GVA,DXB->GVA,1,4.0,"['DXB', 'GVA']",['DXB-GVA'],2019-04-13 00:00:00+00:00,2019-04-17 00:00:00+00:00,[916559],"['GVA', 'DXB']",['GVA-DXB'],[964913]
CDG-WAW-leisure-ID0,"['NAM_2_1', 'NAM_2_2']",CDG-WAW,2,BookingAgency1,18,1113.0,CDG,WAW,POL,Europe,FRA,Europe,FRA-POL,Europe-Europe,CDG,WAW,CDG->WAW,1,8.0,"['CDG', 'WAW']",['CDG-WAW'],2019-05-04 00:00:00+00:00,2019-05-12 00:00:00+00:00,[44310],"['WAW', 'CDG']",['WAW-CDG'],[151393]
DXB-WMI-leisure-ID0,"['NAM_3_1', 'NAM_3_2', 'NAM_3_3']",DXB-WMI,3,BookingAgency1,27,5783.0,DXB,WMI,POL,Europe,ARE,Asia,ARE-POL,Asia-Europe,DXB,WMI,DXB->ATH->WMI,2,17.0,"['DXB', 'ATH', 'WMI']","['DXB-ATH', 'ATH-WMI']",2019-04-10 00:00:00+00:00,2019-04-27 00:00:00+00:00,"[None, None]","['WMI', 'ATH', 'DXB']","['WMI-ATH', 'ATH-DXB']","[None, None]"
LHR-LIS-leisure-ID0,['NAM_4_1'],LHR-LIS,1,BookingAgency3,28,1246.0,LHR,LIS,PRT,Europe,GBR,Europe,GBR-PRT,Europe-Europe,LHR,LIS,LHR->LIS,1,,"['LHR', 'LIS']",['LHR-LIS'],2019-05-14 00:00:00+00:00,,[175584],"['LIS', 'LHR']",['LIS-LHR'],[None]
DXB-LIS-leisure-ID0,"['NAM_5_1', 'NAM_5_2', 'NAM_5_3']",DXB-LIS,3,BookingAgency1,29,5730.0,DXB,LIS,PRT,Europe,ARE,Asia,ARE-PRT,Asia-Europe,DXB,LIS,DXB->LIS,1,21.0,"['DXB', 'LIS']",['DXB-LIS'],2019-04-28 00:00:00+00:00,2019-05-19 00:00:00+00:00,[1096852],"['LIS', 'DXB']",['LIS-DXB'],[233450]
DXB-CDG-leisure-ID2,"['SLE_0_1', 'SLE_0_2']",DXB-CDG,2,BookingAgency3,13,5724.0,DXB,CDG,FRA,Europe,ARE,Asia,ARE-FRA,Asia-Europe,DXB,CDG,DXB->CDG,1,9.0,"['DXB', 'CDG']",['DXB-CDG'],2019-03-15 00:00:00+00:00,2019-03-24 00:00:00+00:00,[572864],"['CDG', 'DXB']",['CDG-DXB'],[670466]
LHR-CDG-leisure-ID0,"['SLE_1_1', 'SLE_1_2']",LHR-CDG,2,BookingAgency3,22,1222.0,LHR,CDG,FRA,Europe,GBR,Europe,GBR-FRA,Europe-Europe,LHR,CDG,LHR->CDG,1,,"['LHR', 'CDG']",['LHR-CDG'],2019-05-21 00:00:00+00:00,,[264660],"['CDG', 'LHR']",['CDG-LHR'],[None]
CDG-VIE-leisure-ID1,['SLE_3_1'],CDG-VIE,1,Airlines,19,1062.0,CDG,VIE,AUT,Europe,FRA,Europe,FRA-AUT,Europe-Europe,CDG,VIE,CDG->VIE,1,4.0,"['CDG', 'VIE']",['CDG-VIE'],2019-05-25 00:00:00+00:00,2019-05-29 00:00:00+00:00,[316819],"['VIE', 'CDG']",['VIE-CDG'],[377229]
CDG-LIS-leisure-ID0,"['SLE_4_1', 'SLE_4_2']",CDG-LIS,2,BookingAgency1,24,1079.0,CDG,LIS,PRT,Europe,FRA,Europe,FRA-PRT,Europe-Europe,CDG,LIS,CDG->LIS,1,4.0,"['CDG', 'LIS']",['CDG-LIS'],2019-04-05 00:00:00+00:00,2019-04-09 00:00:00+00:00,[None],"['LIS', 'CDG']",['LIS-CDG'],[868313]
DXB-MUC-leisure-ID1,"['TZA_1_1', 'TZA_1_2']",DXB-MUC,2,Airlines,29,5732.0,DXB,MUC,DEU,Europe,ARE,Asia,ARE-DEU,Asia-Europe,DXB,MUC,DXB->MUC,1,,"['DXB', 'MUC']",['DXB-MUC'],2019-04-08 00:00:00+00:00,,[849487],"['MUC', 'DXB']",['MUC-DXB'],[None]
LHR-LIS-leisure-ID1,"['TZA_2_1', 'TZA_2_2', 'TZA_2_3', 'TZA_2_4']",LHR-LIS,4,BookingAgency3,11,1246.0,LHR,LIS,PRT,Europe,GBR,Europe,GBR-PRT,Europe-Europe,LHR,LIS,LHR->LIS,1,1.0,"['LHR', 'LIS']",['LHR-LIS'],2019-05-27 00:00:00+00:00,2019-05-28 00:00:00+00:00,[350287],"['LIS', 'LHR']",['LIS-LHR'],[358833]
DXB-FRA-leisure-ID1,['TZA_5_1'],DXB-FRA,1,BookingAgency1,12,5723.0,DXB,FRA,DEU,Europe,ARE,Asia,ARE-DEU,Asia-Europe,DXB,FRA,DXB->FRA,1,12.0,"['DXB', 'FRA']",['DXB-FRA'],2019-05-31 00:00:00+00:00,2019-06-12 00:00:00+00:00,[393107],"['FRA', 'DXB']",['FRA-DXB'],[None]
DXB-LTN-leisure-ID0,['UKR_0_1'],DXB-LTN,1,BookingAgency3,29,5742.0,DXB,LTN,GBR,Europe,ARE,Asia,ARE-GBR,Asia-Europe,DXB,LTN,DXB->FCO->LTN,2,9.0,"['DXB', 'FCO', 'LTN']","['DXB-FCO', 'FCO-LTN']",2019-05-17 00:00:00+00:00,2019-05-26 00:00:00+00:00,"[208839, None]","['LTN', 'FCO', 'DXB']","['LTN-FCO', 'FCO-DXB']","[331655, 338028]"
DXB-CDG-SOI-ID0,"['POI_2_1', 'POI_2_2']",DXB-CDG,2,BookingAgency1,18,5724.0,DXB,CDG,FRA,Europe,ARE,Asia,ARE-FRA,Asia-Europe,DXB,CDG,DXB->CDG,1,2.0,"['DXB', 'CDG']",['DXB-CDG'],2019-05-02 00:00:00+00:00,2019-05-04 00:00:00+00:00,[10840],"['CDG', 'DXB']",['CDG-DXB'],[38205]
DXB-LIS-SOI-ID0,['POI_3_1'],DXB-LIS,1,Airlines,25,5730.0,DXB,LIS,PRT,Europe,ARE,Asia,ARE-PRT,Asia-Europe,DXB,LIS,DXB->LIS,1,27.0,"['DXB', 'LIS']",['DXB-LIS'],2019-04-23 00:00:00+00:00,2019-05-20 00:00:00+00:00,[1035452],"['LIS', 'DXB']",['LIS-DXB'],[246680]
DXB-LHR-SOI-ID0,"['POI_6_1', 'POI_6_2']",DXB-LHR,2,BookingAgency1,26,5726.0,DXB,LHR,GBR,Europe,ARE,Asia,ARE-GBR,Asia-Europe,DXB,LHR,DXB->LHR,1,10.0,"['DXB', 'LHR']",['DXB-LHR'],2019-03-05 00:00:00+00:00,2019-03-15 00:00:00+00:00,[462273],"['LHR', 'DXB']",['LHR-DXB'],[572545]
CDG-MAD-SOI-ID0,['POI_8_1'],CDG-MAD,1,BookingAgency1,26,1074.0,CDG,MAD,ESP,Europe,FRA,Europe,FRA-ESP,Europe-Europe,CDG,MAD,CDG->MAD,1,,"['CDG', 'MAD']",['CDG-MAD'],2019-03-03 00:00:00+00:00,,[430894],"['MAD', 'CDG']",['MAD-CDG'],[None]
CDG-LHR-SOI-ID0,"['POI_9_1', 'POI_9_2']",CDG-LHR,2,BookingAgency1,30,1063.0,CDG,LHR,GBR,Europe,FRA,Europe,FRA-GBR,Europe-Europe,CDG,LHR,CDG->LHR,1,3.0,"['CDG', 'LHR']",['CDG-LHR'],2019-04-30 00:00:00+00:00,2019-05-03 00:00:00+00:00,[1123458],"['LHR', 'CDG']",['LHR-CDG'],[28123]
DXB-SVO-SOI-ID0,['POI_11_1'],DXB-SVO,1,BookingAgency1,11,5731.0,DXB,SVO,RUS,Europe,ARE,Asia,ARE-RUS,Asia-Europe,DXB,SVO,DXB->SVO,1,,"['DXB', 'SVO']",['DXB-SVO'],2019-03-06 00:00:00+00:00,,[468087],"['SVO', 'DXB']",['SVO-DXB'],[None]
CDG-AMS-SOI-ID0,['POI_12_1'],CDG-AMS,1,BookingAgency1,12,1068.0,CDG,AMS,NLD,Europe,FRA,Europe,FRA-NLD,Europe-Europe,CDG,AMS,CDG->AMS,1,13.0,"['CDG', 'AMS']",['CDG-AMS'],2019-04-18 00:00:00+00:00,2019-05-01 00:00:00+00:00,[980546],"['AMS', 'CDG']",['AMS-CDG'],[7972]
DXB-LYS-SOI-ID0,"['POI_15_1', 'POI_15_2']",DXB-LYS,2,Airlines,29,5795.0,DXB,LYS,FRA,Europe,ARE,Asia,ARE-FRA,Asia-Europe,DXB,LYS,DXB->LYS,1,25.0,"['DXB', 'LYS']",['DXB-LYS'],2019-03-01 00:00:00+00:00,2019-03-26 00:00:00+00:00,[411206],"['LYS', 'DXB']",['LYS-DXB'],[696150]
DXB-DUB-SOI-ID0,"['POI_16_1', 'POI_16_2']",DXB-DUB,2,Airlines,29,5734.0,DXB,DUB,IRL,Europe,ARE,Asia,ARE-IRL,Asia-Europe,DXB,DUB,DXB->DUB,1,8.0,"['DXB', 'DUB']",['DXB-DUB'],2019-03-06 00:00:00+00:00,2019-03-14 00:00:00+00:00,[473322],"['DUB', 'DXB']",['DUB-DXB'],[565806]
CDG-LHR-SOI-ID1,"['POI_17_1', 'POI_17_2']",CDG-LHR,2,BookingAgency2,16,1063.0,CDG,LHR,GBR,Europe,FRA,Europe,FRA-GBR,Europe-Europe,CDG,LHR,CDG->LHR,1,15.0,"['CDG', 'LHR']",['CDG-LHR'],2019-03-14 00:00:00+00:00,2019-03-29 00:00:00+00:00,[565236],"['LHR', 'CDG']",['LHR-CDG'],[734558]
