HH_num,GenderHOH,AgeHOH,SizeHH,HHID,HH_ISO,HHType,Lang,Lang_P,Surname,Address,PostCode,Country,NationalityLP,NationalityNat
1,M,25,1,ALB_0,ALB,1B,,,Jordan,"431 Ronald Mall Apt. 917
Karinafurt, CO 06177",24059,ALB,,ALB
2,F,40,4,ALB_1,ALB,2A,,it_IT,Vasari,"1005 Bush Inlet
Port Jenniferhaven, SC 09525",10240,ALB,it_IT,COG
3,F,44,1,ALB_2,ALB,1B,,,Moore,"Unit 2333 Box 6364
DPO AE 95560",66431,ALB,,ALB
4,M,48,3,ALB_3,ALB,2A,,,Hansen,"58319 Golden Groves
North Stevenburgh, VA 49704",02939,ALB,,ALB
5,M,51,1,ALB_4,ALB,1B,,,Hall,"PSC 2577, Box 5476
APO AP 27155",99558,ALB,,ALB
6,M,36,3,ALB_5,ALB,2A,,,Carpenter,"62498 Rodriguez Haven Suite 688
Valerieside, NH 94359",21936,ALB,,ALB
7,F,76,1,ALB_6,ALB,1B,,,Salazar,"80724 Cook Meadow Apt. 188
New Samanthatown, NH 59983",87297,ALB,,ALB
8,M,54,3,ALB_7,ALB,2A,,,Underwood,"817 Heather Station
North Thomasfort, MN 60397",81573,ALB,,ALB
9,M,54,2,ALB_8,ALB,2B,,,Rhodes,"644 Robinson Corner
Morganmouth, KS 43874",66794,ALB,,ALB
10,M,29,3,ALB_9,ALB,3AB,,,Allison,"236 Haynes Common
Lake Joshua, VA 45128",26978,ALB,,ALB
11,F,66,1,ALB_10,ALB,1B,,,Roberts,"85323 Daniel Dam Apt. 189
Port Jamesbury, CO 84677",38683,ALB,,ALB
12,M,79,3,ALB_11,ALB,3AB,,en_AU,Thompson,"44488 Maria Mountain Apt. 250
Ruizmouth, MS 95175",42823,ALB,en_AU,BLZ
13,M,42,3,AUT_0,AUT,2A,de_AT,de_AT,Wiesbauer,"Stockplatz 0/2
4269 Bärnbach",4353,AUT,de_AT,AUT
14,M,60,2,BGR_0,BGR,2B,,,Gould,"71503 Anderson Road
Elizabethland, WA 52158",53792,BGR,,BGR
15,M,53,5,BLR_0,BLR,3AB,ru_RU,ru_RU,Попова,"д. Дмитров, бул. Курчатова, д. 1 стр. 294, 862587",626397,BLR,ru_RU,BLR
16,M,44,4,BWA_0,BWA,2A,af_ZA,ko_KR,김,"8517 Kelly Route Suite 208
Marktown, MN 03955",70936,BWA,ko_KR,PRT
17,M,57,1,BWA_1,BWA,1B,af_ZA,en_AU,Howe,"3087 Michelle Knoll
Port Alanville, MS 50647",08286,BWA,en_AU,GBR
18,M,48,3,BWA_2,BWA,2A,af_ZA,af_ZA,Hunt,"PSC 7496, Box 9701
APO AA 34034",00851,BWA,af_ZA,BWA
19,F,32,1,BWA_3,BWA,1B,af_ZA,af_ZA,Lee,"3838 Lindsay Keys
Piercebury, NM 17179",37823,BWA,af_ZA,BWA
20,F,36,1,BWA_4,BWA,1B,af_ZA,af_ZA,Davies,"3411 Jones Heights Apt. 491
West Chase, SC 71688",42298,BWA,af_ZA,BWA
21,M,43,5,BWA_5,BWA,2A,af_ZA,fr_CH,Pellet,"4007 Becky Cove Suite 236
New Donald, MP 60674",18404,BWA,fr_CH,GEO
22,M,73,2,BWA_6,BWA,2B,af_ZA,af_ZA,Sims,"8389 Wilson Summit Suite 583
North Heathertown, SD 43829",13210,BWA,af_ZA,BWA
23,M,40,5,BWA_7,BWA,2A,af_ZA,af_ZA,Butler,"7649 Sean Island
East Andrew, PR 48364",20489,BWA,af_ZA,BWA
24,M,70,3,BWA_8,BWA,2A,af_ZA,af_ZA,Williams,"877 Barrett Pike Apt. 147
South Joshuamouth, DC 98522",25925,BWA,af_ZA,BWA
25,F,65,1,BWA_9,BWA,1B,af_ZA,af_ZA,Ferguson,"6060 James Islands
West Andrew, IN 73028",27991,BWA,af_ZA,BWA
26,M,40,1,BWA_10,BWA,1B,af_ZA,af_ZA,Cook,"2811 Amanda Expressway Apt. 023
South Paulview, AZ 21954",08257,BWA,af_ZA,BWA
27,F,42,1,BWA_11,BWA,1B,af_ZA,af_ZA,Vasquez,"11902 Summers Passage Apt. 486
Diazshire, OR 31317",22528,BWA,af_ZA,BWA
28,M,31,1,CHE_0,CHE,1B,fr_CH,fr_CH,Besse,"rue de Jacot-Descombes 6
9743 Fonjallaz am Albis",4178,CHE,fr_CH,CHE
29,M,46,2,CMR_0,CMR,3AB,af_ZA,af_ZA,Roberts,"962 Nicholas Throughway
East Eric, AL 55195",76905,CMR,af_ZA,CMR
30,M,72,6,CMR_1,CMR,3AB,af_ZA,af_ZA,Carroll,"104 Jones Loaf
Port Ashleyton, MO 30335",46629,CMR,af_ZA,CMR
31,M,74,1,CMR_2,CMR,1B,af_ZA,af_ZA,Collins,"45732 Andrea Fords
Simsfort, CA 84064",49186,CMR,af_ZA,CMR
32,M,27,6,CMR_3,CMR,2A,af_ZA,af_ZA,Sexton,"PSC 5731, Box 7840
APO AA 47713",87841,CMR,af_ZA,CMR
33,M,48,5,CMR_4,CMR,3AB,af_ZA,af_ZA,Wise,"3606 Lawrence Lights Suite 309
Lake Brendaview, GU 30022",85983,CMR,af_ZA,CMR
34,F,66,3,CMR_5,CMR,3AB,af_ZA,af_ZA,Colon,"91928 Edwards Ford
North Karen, SC 29456",04205,CMR,af_ZA,CMR
35,F,42,3,CMR_6,CMR,2A,af_ZA,af_ZA,Garcia,"848 Dawn Stravenue
Jasonstad, NH 83424",63552,CMR,af_ZA,CMR
36,M,38,3,CMR_7,CMR,2A,af_ZA,af_ZA,Bentley,"99694 Burch Fort
Lake Dariusside, SC 95887",85382,CMR,af_ZA,CMR
37,M,48,3,CMR_8,CMR,2A,af_ZA,af_ZA,Bradley,"6903 Harris Station Apt. 554
West Derekview, IN 15193",12341,CMR,af_ZA,CMR
38,M,55,1,CMR_9,CMR,1B,af_ZA,af_ZA,Tran,"4216 Teresa Shores
Jasonfurt, SD 11130",66852,CMR,af_ZA,CMR
39,F,72,3,CMR_10,CMR,3AB,af_ZA,af_ZA,Mayer,"681 Kristin Parks Apt. 256
Lake Michael, MP 30381",84828,CMR,af_ZA,CMR
40,M,28,3,CMR_11,CMR,1A,af_ZA,af_ZA,Hicks,"22510 Renee Place Apt. 281
New Thomas, IL 65951",67767,CMR,af_ZA,CMR
41,F,72,1,CZE_0,CZE,1B,cz_CZ,cz_CZ,Tichý,"Horní Chaloupky 77
770 72 Mnichovice",667 23,CZE,cz_CZ,CZE
42,M,69,1,DEU_0,DEU,1B,de_DE,de_DE,Zirme,"Hans-Karl-Bender-Ring 1/5
56716 Plauen",13746,DEU,de_DE,DEU
43,F,41,1,DEU_1,DEU,1B,de_DE,cn_ZH,Cuevas,"Dietzring 4
91463 Fallingbostel",49536,DEU,cn_ZH,IND
44,M,33,2,DEU_2,DEU,1A,de_DE,de_DE,Stoll,"Claudio-Rogge-Straße 1/3
44715 Lübben",52304,DEU,de_DE,DEU
45,M,35,5,DEU_3,DEU,2A,de_DE,de_DE,Hendriks,"Rudolphstraße 7
53079 Bremen",40661,DEU,de_DE,DEU
46,M,75,2,DEU_4,DEU,2B,de_DE,de_DE,Mitschke,"Kostolzinallee 59
94611 Cottbus",16218,DEU,de_DE,DEU
47,M,42,5,DEU_5,DEU,2A,de_DE,de_DE,Ditschlerin,"Lilija-Junck-Allee 4
10376 Bad Freienwalde",50077,DEU,de_DE,DEU
48,M,39,3,DEU_6,DEU,2A,de_DE,de_DE,Bender,"Hornichring 565
37202 Eisenhüttenstadt",44793,DEU,de_DE,DEU
49,M,27,2,DEU_7,DEU,2B,de_DE,de_AT,Hirsch,"Stadelmannring 612
55295 Eichstätt",85700,DEU,de_AT,LBN
50,M,56,3,DEU_8,DEU,3AB,de_DE,de_AT,Riedler,"Sven-Hentschel-Gasse 9/9
45377 Ribnitz-Damgarten",84548,DEU,de_AT,ECU
51,M,34,7,DEU_9,DEU,2A,de_DE,de_DE,Wirth,"Burkhard-Hertrampf-Gasse 18
01645 Erbisdorf",40048,DEU,de_DE,DEU
52,M,40,2,DEU_10,DEU,2B,de_DE,de_DE,Pohl,"Maurizio-Kade-Platz 1/7
57061 Wiedenbrück",42175,DEU,de_DE,DEU
53,M,43,1,DEU_11,DEU,1B,de_DE,de_DE,Gotthard,"Ljiljana-Oestrovsky-Weg 12
07117 Main-Höchst",89683,DEU,de_DE,DEU
54,F,78,1,DEU_12,DEU,1B,de_DE,de_DE,Tschentscher,"Marcella-Gunpf-Gasse 3/9
45165 Calau",92104,DEU,de_DE,DEU
55,M,25,2,DEU_13,DEU,2B,de_DE,de_DE,Blümel,"Andrzej-Zorbach-Allee 0
76312 Merseburg",67259,DEU,de_DE,DEU
56,M,45,1,DEU_14,DEU,1B,de_DE,sl_SI,Nemec,"Klaus-Dieter-Junck-Gasse 844
89758 Schlüchtern",60501,DEU,sl_SI,SVK
57,M,43,8,DEU_15,DEU,2A,de_DE,de_AT,Rieger,"Ruststraße 0/8
27659 Olpe",09846,DEU,de_AT,TJK
58,M,25,3,DJI_0,DJI,3AB,af_ZA,no_NO,Arnesen,"PSC 7850, Box 9217
APO AA 28671",97811,DJI,no_NO,NIC
59,M,76,3,DJI_1,DJI,3AB,af_ZA,af_ZA,Diaz,"601 Gordon Heights
West Vanessaberg, AR 60011",26839,DJI,af_ZA,DJI
60,M,75,3,DJI_2,DJI,3AB,af_ZA,af_ZA,Castro,"758 Turner Camp Suite 825
Marcusborough, ND 73736",89664,DJI,af_ZA,DJI
61,M,27,2,DJI_3,DJI,2B,af_ZA,af_ZA,Escobar,"PSC 6676, Box 8544
APO AE 58912",88450,DJI,af_ZA,DJI
62,F,27,1,DJI_4,DJI,1B,af_ZA,af_ZA,Woodard,"5073 Smith Village Suite 480
Johnsonshire, WY 96267",09272,DJI,af_ZA,DJI
63,F,71,2,DJI_5,DJI,2B,af_ZA,cz_CZ,Holub,"24530 Wright Inlet
West Ruthborough, PR 89226",31780,DJI,cz_CZ,HTI
64,M,65,2,DJI_6,DJI,2B,af_ZA,af_ZA,Howell,"8284 Miller Square Suite 847
North Kristenbury, MO 56050",27614,DJI,af_ZA,DJI
65,M,55,3,DJI_7,DJI,3AB,af_ZA,cn_TW,Rogers,"25260 Simpson Causeway
Lake Maryfort, NJ 26727",37273,DJI,cn_TW,AZE
66,M,72,1,DJI_8,DJI,1B,af_ZA,af_ZA,Harrington,"08026 Daniel Expressway Suite 043
Johnsonfort, GU 20530",54726,DJI,af_ZA,DJI
67,M,59,5,DJI_9,DJI,3AB,af_ZA,af_ZA,Cameron,"4929 Lee Lodge
West Daniel, KS 00539",13546,DJI,af_ZA,DJI
68,M,48,7,DJI_10,DJI,3AB,af_ZA,af_ZA,Johnson,"PSC 6788, Box 5468
APO AE 69116",14437,DJI,af_ZA,DJI
69,F,32,1,DJI_11,DJI,1B,af_ZA,af_ZA,Barton,"59419 Hernandez Lake
East Thomaston, CO 82549",15046,DJI,af_ZA,DJI
70,F,59,2,DNK_0,DNK,3AB,dk_DK,dk_DK,Joseph,"44064 Aaron Mall Suite 233
South Jonathanside, AL 72502",15708,DNK,dk_DK,DNK
71,M,71,3,EGY_0,EGY,3AB,ar_SA,en_IN,Khanna,"68571 أريج Bridge Suite 907
East دعاءshire, MH 71577",99396,EGY,en_IN,POL
72,F,65,1,EGY_1,EGY,1B,ar_SA,ar_SA,المغاولة,"0319 روعة Shore
Lake نوحmouth, IN 89144",64128,EGY,ar_SA,EGY
73,M,41,2,EGY_2,EGY,3AB,ar_SA,ar_SA,المغاولة,"4080 مُتوكّل Meadow
Lake مصطفى, IN 93245",60965,EGY,ar_SA,EGY
74,F,32,1,EGY_3,EGY,1B,ar_SA,no_NO,Brekke,"USNS الحكير
FPO AP 20315",55435,EGY,no_NO,MAC
75,M,40,2,EGY_4,EGY,3AB,ar_SA,af_ZA,Wagner,"142 نوّاف Square
جمال الدّينton, VI 89068",36092,EGY,af_ZA,KHM
76,F,61,1,EGY_5,EGY,1B,ar_SA,ar_SA,آل عواض,"6830 بقشان Key Suite 576
West كاشفberg, PW 83704",02950,EGY,ar_SA,EGY
77,M,51,3,EGY_6,EGY,2A,ar_SA,ar_SA,آل حسين,"94856 كانو Greens Suite 849
New عبد الرّزاق, KY 58321",35261,EGY,ar_SA,EGY
78,M,66,2,EGY_7,EGY,2B,ar_SA,ar_SA,الدباغ,"6751 هاجر River
North خطيب, MH 90395",05595,EGY,ar_SA,EGY
79,M,75,1,EGY_8,EGY,1B,ar_SA,ar_SA,آل رفيع,"PSC 1978, Box 1008
APO AA 42893",95593,EGY,ar_SA,EGY
80,M,62,2,EGY_9,EGY,3AB,ar_SA,ar_SA,آل بن ظافر,"56117 راجح Drive
Port فدائي, SD 30174",02573,EGY,ar_SA,EGY
81,F,44,1,EGY_10,EGY,1B,ar_SA,fi_FI,Heikkinen,"7206 حنبولي Viaduct Suite 221
Lake شعيبburgh, WI 68355",87417,EGY,fi_FI,ARG
82,F,47,3,EGY_11,EGY,2A,ar_SA,ar_SA,آل مقطة,"770 منيب Courts Apt. 715
فخر الدّينborough, AZ 19210",35799,EGY,ar_SA,EGY
83,M,62,2,ESP_0,ESP,2B,es_ES,es_ES,Carpio,"Plaza Zaida Machado 8 Piso 2 
Cádiz, 38370",49603,ESP,es_ES,ESP
84,F,29,5,ESP_1,ESP,3AB,es_ES,es_ES,Pérez,"Glorieta Marc Salvador 28 Piso 3 
Jaén, 26216",33117,ESP,es_ES,ESP
85,M,70,2,ESP_2,ESP,2B,es_ES,es_ES,Neira,"Alameda Hermenegildo Mora 18
Santa Cruz de Tenerife, 19458",19776,ESP,es_ES,ESP
86,F,78,1,ESP_3,ESP,1B,es_ES,es_ES,Peláez,"Vial Arturo Lillo 99
Murcia, 32794",43758,ESP,es_ES,ESP
87,F,52,1,ESP_4,ESP,1B,es_ES,es_ES,Casanova,"Calle Erasmo Tormo 78 Piso 2 
Soria, 34079",11642,ESP,es_ES,ESP
88,M,35,4,ESP_5,ESP,2A,es_ES,es_ES,Cabrera,"Acceso de Felipe Soler 13
Ávila, 22337",09973,ESP,es_ES,ESP
89,M,36,5,ETH_0,ETH,2A,af_ZA,af_ZA,Munoz,"9183 Farley Lodge
Larsonville, ND 67741",92459,ETH,af_ZA,ETH
90,M,46,6,ETH_1,ETH,2A,af_ZA,af_ZA,Beck,"915 Elizabeth Plaza Suite 286
Emilyside, NV 49977",79764,ETH,af_ZA,ETH
91,M,58,2,ETH_2,ETH,2B,af_ZA,af_ZA,Reed,"7119 Austin Place
South Emilystad, MP 20903",19185,ETH,af_ZA,ETH
92,M,72,2,ETH_3,ETH,3AB,af_ZA,af_ZA,Burch,"06248 Jonathan Junctions Suite 035
Hawkinsmouth, SC 07693",12320,ETH,af_ZA,ETH
93,F,70,1,ETH_4,ETH,1B,af_ZA,af_ZA,Perez,"86412 Benitez Underpass Suite 267
South Markland, MP 51341",08540,ETH,af_ZA,ETH
94,M,70,3,ETH_5,ETH,3AB,af_ZA,af_ZA,Douglas,"42262 William Turnpike
New Kimberly, NH 71795",37133,ETH,af_ZA,ETH
95,F,79,1,ETH_6,ETH,1B,af_ZA,af_ZA,Hopkins,"2532 Sarah Ridge
Lake Cindyberg, TX 64799",39665,ETH,af_ZA,ETH
96,M,49,5,ETH_7,ETH,2A,af_ZA,af_ZA,Chen,"51000 Leonard Falls
West Kristen, WI 04914",20934,ETH,af_ZA,ETH
97,F,28,1,ETH_8,ETH,1B,af_ZA,af_ZA,Evans,"516 Julie Mountains
Tracyview, MH 51148",74464,ETH,af_ZA,ETH
98,M,41,2,ETH_9,ETH,2B,af_ZA,en_CA,Lowe,"PSC 8010, Box 1413
APO AA 97750",32451,ETH,en_CA,ZAF
99,M,44,5,ETH_10,ETH,1A,af_ZA,af_ZA,Young,"8733 Michele Park
Kaylaborough, MI 82746",33270,ETH,af_ZA,ETH
100,F,26,1,ETH_11,ETH,1B,af_ZA,af_ZA,Roman,"61109 Clinton Fall Apt. 225
Nelsonburgh, MS 53347",45516,ETH,af_ZA,ETH
101,M,45,8,FRA_0,FRA,3AB,fr_FR,fr_FR,Dupuis,"57, boulevard de Costa
30953 Sainte Susanne",76221,FRA,fr_FR,FRA
102,M,59,2,FRA_1,FRA,2B,fr_FR,fr_FR,Vidal,"525, avenue de Gauthier
26333 Couturier",90487,FRA,fr_FR,FRA
103,F,49,3,FRA_2,FRA,2A,fr_FR,fr_FR,Evrard,"95, rue Antoine Ribeiro
42275 Legros",86281,FRA,fr_FR,FRA
104,F,52,1,FRA_3,FRA,1B,fr_FR,cn_TW,Valentine,"62, rue Petitjean
97484 Sainte Alexandre",57879,FRA,cn_TW,BEN
105,M,40,1,FRA_4,FRA,1B,fr_FR,fr_FR,Lemonnier,"rue de Marin
56285 Lévy-sur-Ledoux",64586,FRA,fr_FR,FRA
106,F,59,2,FRA_5,FRA,2B,fr_FR,fr_FR,Leblanc,"rue Pierre Vincent
04238 Saint Alfreddan",32641,FRA,fr_FR,FRA
107,F,73,1,FRA_6,FRA,1B,fr_FR,en_IN,Bassi,"25, avenue Bruneau
97650 Mendès-sur-Mer",16283,FRA,en_IN,MLI
108,F,38,4,FRA_7,FRA,2A,fr_FR,cn_TW,Garcia,"777, avenue Danielle Dupré
12834 Lesage",88497,FRA,cn_TW,CPV
109,F,46,1,FRA_8,FRA,1B,fr_FR,fr_FR,Gilles,"2, chemin Édith Dupré
15257 Julien",10416,FRA,fr_FR,FRA
110,M,46,5,FRA_9,FRA,2A,fr_FR,fr_FR,Becker,"923, boulevard de Fleury
43350 Fischer",20833,FRA,fr_FR,FRA
111,M,44,4,FRA_10,FRA,3AB,fr_FR,fr_FR,Laurent,"66, avenue de Bousquet
07142 Peronboeuf",57563,FRA,fr_FR,FRA
112,F,61,3,FRA_11,FRA,3AB,fr_FR,fr_FR,Goncalves,"chemin François
97358 Saint Genevièvedan",97183,FRA,fr_FR,FRA
113,F,44,3,GBR_0,GBR,2A,en_GB,en_GB,Horton,"Flat 9
Webb mount
Shirleyshire
N2 4TZ",DD1B 5AS,GBR,en_GB,GBR
114,M,46,4,GBR_1,GBR,2A,en_GB,en_GB,Gray,"77 Thomas islands
Charlenebury
W9F 0SU",SP08 1NL,GBR,en_GB,GBR
115,F,34,4,GBR_2,GBR,3AB,en_GB,en_GB,Smith,"561 Karl passage
Kirstytown
SR05 4RD",B2 5YU,GBR,en_GB,GBR
116,M,73,3,GBR_3,GBR,3AB,en_GB,en_GB,Begum,"4 Shannon walk
East Clive
M72 4BU",W3C 9FG,GBR,en_GB,GBR
117,M,43,3,GBR_4,GBR,2A,en_GB,en_GB,Whitehouse,"Studio 7
Shirley park
Blakeberg
G9T 0JX",L0 1GR,GBR,en_GB,GBR
118,M,68,3,GBR_5,GBR,3AB,en_GB,en_GB,O'Sullivan,"85 Hughes throughway
East Nathanchester
L3S 0HU",PO9R 3HZ,GBR,en_GB,GBR
119,F,59,2,GBR_6,GBR,2B,en_GB,en_GB,Smith,"31 Dean throughway
Humphreysbury
W7 0AJ",S1J 8TL,GBR,en_GB,GBR
120,F,36,6,GBR_7,GBR,3AB,en_GB,en_GB,Roberts,"94 Grant station
South Melaniefort
BR4 5BE",E2 7GN,GBR,en_GB,GBR
121,M,28,2,GBR_8,GBR,2B,en_GB,sl_SI,Mlinar,"Studio 64
Derek harbors
Marilynhaven
N7 1WF",BS4 6HX,GBR,sl_SI,MKD
122,F,34,3,GBR_9,GBR,2A,en_GB,en_GB,Payne,"5 Day forge
Denisbury
CA6 8TH",B6E 8YP,GBR,en_GB,GBR
123,M,67,5,GBR_10,GBR,3AB,en_GB,en_GB,Williams,"Studio 50l
Morgan parkways
Jacksonstad
E1 8NP",RM6 1SW,GBR,en_GB,GBR
124,M,60,2,GGY_0,GGY,2B,en_GB,en_GB,Thompson,"Flat 0
Joyce drives
Bernardstad
ML7R 9SF",L0 7JW,GGY,en_GB,GGY
125,F,63,3,GGY_1,GGY,3AB,en_GB,en_GB,Thomas,"Flat 16
Davis lodge
Port Lynnport
HR8E 1FS",EH1 0JN,GGY,en_GB,GGY
126,M,41,1,GGY_2,GGY,1B,en_GB,en_GB,Iqbal,"207 Declan river
Jeffreyton
E10 6RU",L3 2NG,GGY,en_GB,CHE
127,M,46,3,GGY_3,GGY,3AB,en_GB,en_GB,Watson,"7 Walker trafficway
Janetborough
N56 2RD",E72 0ZW,GGY,en_GB,GGY
128,M,44,3,GGY_4,GGY,3AB,en_GB,en_GB,Carroll,"Studio 00E
Nicole keys
Jessicafort
RM89 0ES",E31 2QY,GGY,en_GB,GGY
129,F,42,4,GGY_5,GGY,2A,en_GB,en_GB,Wallace,"078 Robert spring
South Alexanderport
G5H 8AB",E4 1JE,GGY,en_GB,GGY
130,M,72,1,GGY_6,GGY,1B,en_GB,en_GB,White,"Flat 28
Evans mount
Leonmouth
B89 7EB",LN5H 0QQ,GGY,en_GB,GGY
131,M,53,3,GGY_7,GGY,2A,en_GB,en_GB,Todd,"237 Cooper key
Port Kevinville
EC3 2AT",N0U 1JE,GGY,en_GB,GGY
132,M,35,2,GGY_8,GGY,3AB,en_GB,en_GB,Kirby,"Studio 9
Campbell junctions
Port Albertview
DE56 8ZA",N6W 2TB,GGY,en_GB,GGY
133,M,43,1,GGY_9,GGY,1B,en_GB,en_GB,Miller,"Studio 0
Woodward drive
Iainville
HS52 0ZQ",N67 4NJ,GGY,en_GB,GGY
134,F,37,3,GGY_10,GGY,2A,en_GB,en_GB,Smith,"Studio 92
Scott inlet
Pughland
UB9M 6UG",WR7Y 8SF,GGY,en_GB,GGY
135,M,33,1,GGY_11,GGY,1B,en_GB,nl_NL,Arens,"Studio 8
Evans path
Shepherdhaven
CT96 2FL",DH7E 2SX,GGY,nl_NL,KHM
136,M,51,1,GIB_0,GIB,1B,en_GB,en_GB,Lyons,"Flat 6
Williams parkway
Reidview
PL5H 5UB",W38 1TD,GIB,en_GB,GIB
137,M,26,1,GIB_1,GIB,1B,en_GB,en_GB,Evans,"3 Kevin parkway
Taylorton
W19 8RT",M91 4PE,GIB,en_GB,GIB
138,F,75,1,GIB_2,GIB,1B,en_GB,en_GB,Taylor,"Flat 07T
Smith stream
Reecebury
TN3R 5WL",B6G 7AT,GIB,en_GB,GIB
139,M,57,3,GIB_3,GIB,3AB,en_GB,en_GB,Wright,"Flat 14
Wilson island
Raymondbury
EC7E 0HP",M3 8FA,GIB,en_GB,GIB
140,M,79,3,GIB_4,GIB,3AB,en_GB,en_GB,Herbert,"Flat 31
Jessica pines
Jodieside
S51 6ZG",S5E 3JU,GIB,en_GB,GIB
141,F,44,2,GIB_5,GIB,3AB,en_GB,en_GB,Hughes,"Flat 65g
Damian islands
Franceston
SK22 6JL",N01 9RW,GIB,en_GB,GIB
142,M,66,2,GIB_6,GIB,2B,en_GB,en_GB,Jones,"0 Little ramp
Lake Duncanborough
G6 6TY",LE3H 5YN,GIB,en_GB,GIB
143,M,70,2,GIB_7,GIB,3AB,en_GB,en_GB,Robinson,"Studio 3
Wright summit
Berrytown
DG1 0YU",NG1 5GF,GIB,en_GB,GIB
144,M,30,3,GIB_8,GIB,2A,en_GB,en_GB,Baker,"459 Harriet lane
North Terence
KA6V 3RL",N4 6EA,GIB,en_GB,GIB
145,M,31,3,GIB_9,GIB,2A,en_GB,cn_TW,Boyd,"Studio 48
Sullivan estates
South Meganview
PE4N 4HS",E9 5BG,GIB,cn_TW,BGR
146,M,75,2,GIB_10,GIB,2B,en_GB,en_GB,Scott,"0 Abdul mills
South Kyleshire
N3T 3DS",TF5 9ZF,GIB,en_GB,GIB
147,F,47,2,GIB_11,GIB,2B,en_GB,en_GB,Chambers,"Flat 6
Gregory islands
Scottberg
TR73 8AP",B6 7RP,GIB,en_GB,GIB
148,M,48,2,GRC_0,GRC,2B,el_GR,el_GR,Τσιούπρα,"Αθανίου 4,
ΤΚ 693 10 Αλεξανδρούπολη",94911,GRC,el_GR,BLZ
149,M,53,3,HRV_0,HRV,2A,hr_HR,hr_HR,Barišić,"Mašekova 3a
77726 Trogir",94110,HRV,hr_HR,HRV
150,F,78,1,IMN_0,IMN,1B,en_GB,en_GB,Andrews,"957 Martin field
Longfurt
G3K 1PD",RM71 6BD,IMN,en_GB,IMN
151,F,51,1,IMN_1,IMN,1B,en_GB,it_IT,Parri,"020 Tina walk
Dunnshire
NG5N 9EL",W9 1EX,IMN,it_IT,SSD
152,M,67,1,IMN_2,IMN,1B,en_GB,en_GB,Bird,"87 Wilson path
North Wayne
RH76 9YF",E9 5UX,IMN,en_GB,IMN
153,M,73,2,IMN_3,IMN,2B,en_GB,en_GB,Morgan,"32 Phillip turnpike
Burnsview
E12 2SA",TF76 8WW,IMN,en_GB,IMN
154,M,43,3,IMN_4,IMN,2A,en_GB,nl_BE,Van Dyck,"8 Howard mission
Parkerfurt
B25 0AW",S78 0FP,IMN,nl_BE,BEN
155,M,25,1,IMN_5,IMN,1B,en_GB,nl_NL,Zeemans,"Flat 00K
Myers throughway
New Allan
W57 1GL",G7 3FF,IMN,nl_NL,ECU
156,M,28,4,IMN_6,IMN,3AB,en_GB,en_GB,Woods,"0 Helen spring
Declanhaven
EN04 5DB",B9E 9RG,IMN,en_GB,IMN
157,F,74,1,IMN_7,IMN,1B,en_GB,en_GB,Richards,"42 Michael cliffs
South Julieton
AL9 6WP",S6B 4EZ,IMN,en_GB,IMN
158,M,42,5,IMN_8,IMN,2A,en_GB,fi_FI,Liimatainen,"691 Bird oval
Port Lynn
W1F 3SB",W4 0RR,IMN,fi_FI,TZA
159,M,64,1,IMN_9,IMN,1B,en_GB,en_GB,Smith,"5 Hyde spring
South Leahbury
M86 1AN",B1 6RY,IMN,en_GB,IMN
160,M,37,1,IMN_10,IMN,1B,en_GB,en_GB,Potter,"Flat 4
Leigh extension
Clarkefurt
E1W 0ZZ",N8W 2TG,IMN,en_GB,BHR
161,F,75,1,IMN_11,IMN,1B,en_GB,en_GB,Noble,"4 Donna flats
Lindseyshire
BB9 6TS",E1S 4EE,IMN,en_GB,IMN
162,M,77,2,ISL_0,ISL,2B,sv_SE,en_US,Mcconnell,"Skolgränd 414
88554 Eskilstuna",93882,ISL,en_US,HND
163,F,60,1,JEY_0,JEY,1B,en_GB,en_GB,Arnold,"2 Lewis green
New Charlotteborough
HX5 5SU",E2U 8AB,JEY,en_GB,JEY
164,M,44,2,JEY_1,JEY,2B,en_GB,en_GB,Hughes,"Studio 38y
Grant falls
Raymondport
S7E 1DH",W8F 4FG,JEY,en_GB,JEY
165,M,27,3,JEY_2,JEY,1A,en_GB,en_GB,Dunn,"415 Shannon shoal
Woodmouth
RH43 1GX",SE8N 9RE,JEY,en_GB,JEY
166,M,42,1,JEY_3,JEY,1B,en_GB,en_GB,Woods,"Flat 4
Jake fields
Lake Cameronmouth
CW7 7EH",DL3M 0FT,JEY,en_GB,JEY
167,M,67,3,JEY_4,JEY,3AB,en_GB,cz_CZ,Kolářová,"Studio 9
Greenwood junction
East Denise
NR6 1EY",BN26 9EQ,JEY,cz_CZ,THA
168,M,36,1,JEY_5,JEY,1B,en_GB,en_GB,Sanderson,"Flat 08
Williams canyon
Kerrview
CF0N 1PD",RG04 6TP,JEY,en_GB,JEY
169,M,51,2,JEY_6,JEY,2B,en_GB,fr_FR,Grondin,"Flat 96l
White mountains
South Aimeeport
G4 5UG",LS36 0YN,JEY,fr_FR,JPN
170,M,59,2,JEY_7,JEY,2B,en_GB,en_GB,Sullivan,"132 Susan cliff
O'Connorview
B0 8HG",B4H 1SW,JEY,en_GB,JEY
171,M,79,3,JEY_8,JEY,3AB,en_GB,en_GB,Owen,"6 Carolyn river
Lesleymouth
B8 3NP",SA63 5WL,JEY,en_GB,JEY
172,M,35,4,JEY_9,JEY,3AB,en_GB,en_GB,Knight,"Flat 4
Reid trace
Gibsonton
WR8 1XZ",CR5B 2DT,JEY,en_GB,JEY
173,M,61,2,JEY_10,JEY,3AB,en_GB,en_GB,Thomas,"2 Sean view
Port Marilynberg
G5 3SW",L3S 4YD,JEY,en_GB,JEY
174,M,71,2,JEY_11,JEY,2B,en_GB,cz_CZ,Šimková,"Studio 28y
Morris harbors
West Anna
SN5P 5JE",GY93 8QU,JEY,cz_CZ,LVA
175,M,38,3,KEN_0,KEN,2A,af_ZA,af_ZA,Vang,"1839 Jason Skyway
South Ryanbury, WI 77694",38571,KEN,af_ZA,KEN
176,M,56,3,KEN_1,KEN,2A,af_ZA,af_ZA,Robinson,"660 Miller Circle
North Elizabethville, IN 34206",30952,KEN,af_ZA,KEN
177,M,25,3,KEN_2,KEN,2A,af_ZA,af_ZA,Taylor,"Unit 1638 Box 3454
DPO AP 28095",38552,KEN,af_ZA,KEN
178,M,34,2,KEN_3,KEN,2B,af_ZA,af_ZA,Murray,"Unit 8726 Box 4355
DPO AA 61255",30599,KEN,af_ZA,KEN
179,M,48,1,KEN_4,KEN,1B,af_ZA,af_ZA,Baker,"55534 Moyer Tunnel
North Melinda, ID 31857",57304,KEN,af_ZA,KEN
180,M,27,4,KEN_5,KEN,3AB,af_ZA,hu_HU,Varga,"9549 Vickie Mountain Apt. 437
Montgomeryton, NC 69494",95783,KEN,hu_HU,UKR
181,F,51,1,KEN_6,KEN,1B,af_ZA,af_ZA,Sparks,"306 Romero Glens
Clarkshire, OK 71262",66690,KEN,af_ZA,KEN
182,M,73,3,KEN_7,KEN,3AB,af_ZA,af_ZA,Gregory,"48181 Brown Village
Lake Tamara, VI 17735",05164,KEN,af_ZA,KEN
183,M,61,3,KEN_8,KEN,2A,af_ZA,af_ZA,Green,"776 Jackson Forest Suite 645
Lake Amyville, KY 33246",63977,KEN,af_ZA,KEN
184,F,58,1,KEN_9,KEN,1B,af_ZA,af_ZA,Ortega,"33450 Gonzalez Glen
New Stephanieberg, PR 37455",78239,KEN,af_ZA,KEN
185,F,23,1,KEN_10,KEN,1B,af_ZA,af_ZA,Murillo,"6755 Ashley Trace Suite 453
Cookton, AK 34351",83937,KEN,af_ZA,KEN
186,M,45,3,KEN_11,KEN,2A,af_ZA,af_ZA,Peck,"852 Cody Island
Weaverside, MT 00710",59942,KEN,af_ZA,KEN
187,F,67,1,LUX_0,LUX,1B,lb_LU,en_IN,Tiwari,"4917 Jacobson Harbor
Port Tiffanystad, PR 79014",27118,LUX,en_IN,CIV
188,F,75,1,MAR_0,MAR,1B,ar_SA,ar_SA,العقيل,"86913 مادلين Islands
ريمانstad, KS 52561",21146,MAR,ar_SA,MAR
189,M,68,2,MAR_1,MAR,2B,ar_SA,hu_HU,Varga,"391 جابر Port Suite 193
صخرfort, ND 66556",82813,MAR,hu_HU,PAK
190,F,29,1,MAR_2,MAR,1B,ar_SA,ar_SA,العليان,"203 بلند Lodge
New توفيق, AS 28095",44611,MAR,ar_SA,MAR
191,M,61,1,MAR_3,MAR,1B,ar_SA,ar_SA,الجفالي,"909 آل عايض Overpass
آل بن لافيside, TN 40139",14809,MAR,ar_SA,MAR
192,M,37,5,MAR_4,MAR,2A,ar_SA,ar_SA,آل جعفر,"238 الشايع Lakes Suite 426
العليانtown, ID 38322",27841,MAR,ar_SA,MAR
193,M,55,3,MAR_5,MAR,3AB,ar_SA,en_US,Neal,"178 شربتلي Mountains Apt. 508
West دانيةfurt, AL 72626",33295,MAR,en_US,PHL
194,F,41,2,MAR_6,MAR,2B,ar_SA,fr_CH,Cossy,"808 رمزي Cove Suite 657
Port جميلchester, MP 34489",10692,MAR,fr_CH,MAC
195,M,69,3,MAR_7,MAR,3AB,ar_SA,ar_SA,آل معيض,"429 آل سعود Valleys Apt. 393
South سرور, UT 89394",02524,MAR,ar_SA,MAR
196,M,38,5,MAR_8,MAR,2A,ar_SA,ar_SA,حجار,"490 آل سعود Parks Suite 196
كنانborough, OK 23160",13462,MAR,ar_SA,MAR
197,M,78,2,MAR_9,MAR,2B,ar_SA,ar_SA,المغاولة,"272 آل مقطة Courts
الجفاليchester, ID 27781",12699,MAR,ar_SA,MAR
198,M,69,3,MAR_10,MAR,3AB,ar_SA,ar_SA,آل سلطان,"911 آل جعفر Summit
North نظام, ME 64337",55168,MAR,ar_SA,MAR
199,M,77,3,MAR_11,MAR,3AB,ar_SA,ko_KR,윤,"89916 آل صفوان Bypass
East عبد الرّزاق, DC 94708",30018,MAR,ko_KR,NER
200,M,73,1,MLI_0,MLI,1B,af_ZA,af_ZA,Garcia,"17295 Jeanne Highway Suite 455
New Eugeneberg, MN 94282",75703,MLI,af_ZA,MLI
201,M,30,3,MLI_1,MLI,3AB,af_ZA,af_ZA,Allen,"USCGC Edwards
FPO AP 80104",03124,MLI,af_ZA,MLI
202,M,43,1,MLI_2,MLI,1B,af_ZA,af_ZA,Jackson,"2344 Dawn Flat
Kathleenville, AZ 01851",30792,MLI,af_ZA,MLI
203,M,69,1,MLI_3,MLI,1B,af_ZA,af_ZA,Edwards,"1013 Smith Vista
New Micheleville, AR 64986",88516,MLI,af_ZA,MLI
204,M,29,1,MLI_4,MLI,1B,af_ZA,af_ZA,Boyer,"741 Kendra Crossroad Apt. 356
Gutierrezside, WV 81879",69435,MLI,af_ZA,MLI
205,F,79,1,MLI_5,MLI,1B,af_ZA,af_ZA,Ramos,"9061 Patricia Court Suite 054
Thompsontown, CA 93705",91327,MLI,af_ZA,MLI
206,F,55,1,MLI_6,MLI,1B,af_ZA,af_ZA,Tucker,"1789 Williams Spur Apt. 800
North Krista, HI 55384",89983,MLI,af_ZA,MLI
207,M,50,2,MLI_7,MLI,2B,af_ZA,lb_LU,Hays,"327 Reginald Rest
Port Dianeberg, OR 15842",09798,MLI,lb_LU,PRI
208,M,78,2,MLI_8,MLI,2B,af_ZA,af_ZA,Hammond,"Unit 2442 Box 4520
DPO AP 08406",76195,MLI,af_ZA,MLI
209,M,47,2,MLI_9,MLI,2B,af_ZA,af_ZA,Conway,"8280 Larson Corner
Alejandroborough, UT 99168",81908,MLI,af_ZA,MLI
210,M,29,3,MLI_10,MLI,3AB,af_ZA,af_ZA,Davis,"070 Smith Parkway
Sandraberg, VT 58391",43815,MLI,af_ZA,MLI
211,F,39,1,MLI_11,MLI,1B,af_ZA,en_US,Carney,"38504 Martin Well
West Taylorfort, NJ 51129",09936,MLI,en_US,GGY
212,M,46,5,MLT_0,MLT,2A,,,Kelly,"208 Johnson Shoal
West Kim, GU 91850",69025,MLT,,MLT
213,M,27,2,NAM_0,NAM,1A,af_ZA,af_ZA,Allison,"47598 Wells Parkways Suite 754
Lake Jennifermouth, AZ 10197",01836,NAM,af_ZA,NAM
214,M,29,1,NAM_1,NAM,1B,af_ZA,af_ZA,Bryant,"7556 Elizabeth Road
Walkerview, ID 19775",81134,NAM,af_ZA,NAM
215,F,69,5,NAM_2,NAM,2A,af_ZA,af_ZA,Jones,"4248 Smith Roads Apt. 150
Port Emily, AK 39188",04343,NAM,af_ZA,NAM
216,M,76,1,NAM_3,NAM,1B,af_ZA,af_ZA,Mcbride,"5124 Deborah Skyway Apt. 444
South Kristie, NY 26725",94823,NAM,af_ZA,NAM
217,M,28,3,NAM_4,NAM,2A,af_ZA,pt_PT,Lima,"8224 Ortega Extension Suite 762
North Alanberg, GU 68353",49716,NAM,pt_PT,ESH
218,M,46,5,NAM_5,NAM,2A,af_ZA,af_ZA,Mccarthy,"45084 Julia Wall
Laurafort, MA 33343",09710,NAM,af_ZA,NAM
219,F,31,1,NAM_6,NAM,1B,af_ZA,af_ZA,Glover,"3510 Russell Freeway
Smithport, MP 25096",28517,NAM,af_ZA,NAM
220,F,63,2,NAM_7,NAM,2B,af_ZA,af_ZA,Russo,"328 Erin Parks Apt. 420
Brookeberg, LA 02262",73706,NAM,af_ZA,NAM
221,M,43,2,NAM_8,NAM,2B,af_ZA,af_ZA,Clay,"Unit 6797 Box 5846
DPO AE 60775",71877,NAM,af_ZA,NAM
222,M,36,1,NAM_9,NAM,1B,af_ZA,af_ZA,Christian,"250 Jones Villages Suite 919
Port Erik, MH 43702",75050,NAM,af_ZA,NAM
223,F,25,1,NAM_10,NAM,1B,af_ZA,af_ZA,Day,"6492 Maria Ville
North Amystad, AR 17619",05986,NAM,af_ZA,NAM
224,M,30,2,NAM_11,NAM,2B,af_ZA,af_ZA,Mack,"981 Maxwell Street Suite 306
East Stephanie, CT 59949",11166,NAM,af_ZA,NAM
225,M,27,4,NLD_0,NLD,2A,nl_NL,nl_NL,van Embden,"Jobsingel 266
9796 CV
Drunen",6528WC,NLD,nl_NL,NLD
226,F,48,3,NLD_1,NLD,2A,nl_NL,nl_NL,Rippey,"Maryamhof 51
2592 ON
Espel",9686 ET,NLD,nl_NL,NLD
227,F,66,5,ROU_0,ROU,3AB,ro_RO,ro_RO,Ardelean,"Bulevardul Dochioiu Nr. 51
Campulung, 761895",535581,ROU,ro_RO,ROU
228,M,39,3,ROU_1,ROU,2A,ro_RO,ro_RO,Nistor,"Intrarea Manole
Glina, 762255",335908,ROU,ro_RO,ROU
229,M,42,4,ROU_2,ROU,2A,ro_RO,en_AU,Knapp,"Strada Tabacu
Mogosoaia, 733440",126755,ROU,en_AU,VNM
230,F,77,2,RUS_0,RUS,2B,ru_RU,ru_RU,Блинов,"г. Павловская, алл. 70 лет Октября, д. 1, 631873",042257,RUS,ru_RU,RUS
231,F,77,1,SLE_0,SLE,1B,af_ZA,af_ZA,Rodgers,"6792 Vincent Crossing
Stacymouth, NV 06790",16518,SLE,af_ZA,SLE
232,M,47,2,SLE_1,SLE,2B,af_ZA,af_ZA,Hanson,"67867 Ross Views
Johnsonton, SD 36924",25345,SLE,af_ZA,SLE
233,F,52,1,SLE_2,SLE,1B,af_ZA,af_ZA,Huynh,"21127 Mary Drive
Wendyland, IN 85816",41252,SLE,af_ZA,SLE
234,M,25,1,SLE_3,SLE,1B,af_ZA,af_ZA,Heath,"83302 Novak Wall
Wilsonfurt, KY 68691",80471,SLE,af_ZA,SLE
235,M,39,1,SLE_4,SLE,1B,af_ZA,af_ZA,Carpenter,"3879 Allen Gateway
Brittanychester, NY 17689",92010,SLE,af_ZA,SLE
236,F,39,3,SLE_5,SLE,3AB,af_ZA,nl_BE,Merckx,"PSC 2028, Box 1715
APO AP 78332",74693,SLE,nl_BE,ETH
237,M,74,3,SLE_6,SLE,3AB,af_ZA,af_ZA,Santana,"6793 Mcdonald Park
Port Aliciaville, VI 23617",31088,SLE,af_ZA,SLE
238,F,56,2,SLE_7,SLE,2B,af_ZA,af_ZA,Spencer,"732 Audrey Forges
Port Vincent, NV 13478",21620,SLE,af_ZA,SLE
239,M,32,2,SLE_8,SLE,2B,af_ZA,af_ZA,White,"9332 Pamela Cove
West Christineland, NC 46201",36435,SLE,af_ZA,SLE
240,M,66,1,SLE_9,SLE,1B,af_ZA,af_ZA,Parker,"1842 Alexander Well
New Jeffrey, PR 90224",68504,SLE,af_ZA,SLE
241,F,36,4,SLE_10,SLE,2A,af_ZA,af_ZA,Kelley,"527 Smith Park Suite 929
South Susan, ID 59793",75965,SLE,af_ZA,SLE
242,M,54,3,SLE_11,SLE,2A,af_ZA,af_ZA,Cannon,"7359 Stephanie Ferry
Johnsonfurt, ND 82357",34761,SLE,af_ZA,SLE
243,F,70,1,SVN_0,SVN,1B,sl_SI,sl_SI,Knez,"Lorenzova cesta 6
4144 Žiri",7923,SVN,sl_SI,SVN
244,M,78,1,TZA_0,TZA,1B,af_ZA,af_ZA,Nelson,"USCGC Edwards
FPO AA 24296",18923,TZA,af_ZA,TZA
245,M,38,5,TZA_1,TZA,2A,af_ZA,af_ZA,Wilson,"297 John Estate Apt. 780
South Raymond, VA 91935",83665,TZA,af_ZA,TZA
246,M,42,4,TZA_2,TZA,2A,af_ZA,af_ZA,Ritter,"7354 Molina Summit
Wrightton, ND 43294",10393,TZA,af_ZA,TZA
247,M,64,2,TZA_3,TZA,2B,af_ZA,af_ZA,Mccall,"USNV Morris
FPO AE 01514",11595,TZA,af_ZA,TZA
248,M,37,2,TZA_4,TZA,2B,af_ZA,af_ZA,Blake,"009 Melissa Crescent Suite 656
South Jennifer, KY 80448",59003,TZA,af_ZA,TZA
249,M,49,1,TZA_5,TZA,1B,af_ZA,af_ZA,Mitchell,"77746 Jacob Ranch
Jacksontown, SC 75334",78344,TZA,af_ZA,TZA
250,M,52,1,TZA_6,TZA,1B,af_ZA,af_ZA,Gibson,"100 Jason Island
Lake Frank, OH 11468",67610,TZA,af_ZA,TZA
251,M,25,2,TZA_7,TZA,2B,af_ZA,ro_RO,Ardelean,"75329 Heather Crossing Apt. 734
Bradleyport, AK 46332",72213,TZA,ro_RO,BWA
252,M,57,2,TZA_8,TZA,2B,af_ZA,af_ZA,Watts,"031 Martinez Forest Apt. 411
New Wendy, KY 88215",43228,TZA,af_ZA,TZA
253,F,66,1,TZA_9,TZA,1B,af_ZA,af_ZA,Stafford,"2501 Sullivan Inlet Apt. 405
Ginaport, OR 95580",71975,TZA,af_ZA,TZA
254,M,52,2,TZA_10,TZA,2B,af_ZA,af_ZA,Clayton,"Unit 7376 Box 1863
DPO AA 50040",95245,TZA,af_ZA,TZA
255,F,64,3,TZA_11,TZA,3AB,af_ZA,af_ZA,Morgan,"745 David Ports
Vickimouth, IA 19589",91913,TZA,af_ZA,TZA
256,F,58,3,UKR_0,UKR,3AB,uk_UA,uk_UA,Єрмоленко,"сквер Кордонна, буд. 4, Зборів, 72553",41371,UKR,uk_UA,UKR
